{"metadata":{"asset_id":"c1a5851d-2921-425c-8725-b280d1da669b","asset_attributes":["notebook"],"name":"labs-jupyter-spacex-Data wrangling","asset_type":"notebook","created_at":"2022-02-05T11:39:08Z","description":"","origin_country":"us","owner_id":"IBMid-664001RLGQ","project_id":"94ef2f45-cf5f-49ac-b4c7-a6f5d7628457","size":33216,"tags":["notebook"],"usage":{"last_update_time":1644061428137,"last_updated_at":"2022-02-05T11:43:48Z"}},"entity":{"notebook":{"kernel":{"name":"python3","display_name":"Python 3.8","language":"python"},"originates_from":{"type":"blank"},"runtime":{"environment":"conda2py38-94ef2f45-cf5f-49ac-b4c7-a6f5d7628457"}}},"attachments":[{"id":"5d2e1f8c-0adf-4cd8-baf8-99262d014fe9","version":2,"asset_type":"notebook","name":"attachment for notebook c1a5851d-2921-425c-8725-b280d1da669b","description":"attachment for notebook c1a5851d-2921-425c-8725-b280d1da669b","mime":"application/json","datasource_type":"193a97c1-4475-4a19-b90c-295c4fdc6517","object_key":"notebook/labs-jupyter-spacex-Data_wrangling_S8fzEGknt.ipynb","creator_id":"IBMid-664001RLGQ","create_time":1644061149439,"size":33216,"is_remote":false,"is_managed":false,"is_referenced":true,"is_object_key_read_only":false,"is_user_provided_path_key":true,"transfer_complete":true,"is_partitioned":false,"complete_time_ticks":1644061149439,"user_data":{},"test_doc":0,"handle":{"bucket":"spacexprojectweek1-donotdelete-pr-9ebbxzxzmhfhij","location":"eu-geo","key":"notebook/labs-jupyter-spacex-Data_wrangling_S8fzEGknt.ipynb","upload_id":"done","max_part_num":1},"usage":{"access_count":2,"last_accessor_id":"IBMid-664001RLGQ","last_access_time":1644061428136,"last_updater_id":"IBMid-664001RLGQ","last_update_time":1644061428136}}]}
